model,accuracy,precision,recall,f1,roc_auc
Logistic Regression,0.9951010410287814,0.5,0.0625,0.1111111111111111,0.7496346153846154
Dummy (most_frequent),0.9951010410287814,0.0,0.0,0.0,0.5
Random Forest,0.9947948560930803,0.0,0.0,0.0,0.7033942307692308
