model,accuracy,precision,recall,f1,roc_auc
Logistic Regression (balanced),0.8802816901408451,0.022900763358778626,0.5625,0.044009779951100246,0.8381923076923077
Random Forest (light-tuned),0.9947948560930803,0.0,0.0,0.0,0.7466346153846155
Random Forest (default-ish),0.9947948560930803,0.0,0.0,0.0,0.7033942307692308
Dummy (most_frequent),0.9951010410287814,0.0,0.0,0.0,0.5
